kohde,jasen,pvknro,sp,IKAL1,ASALUE,V1,V21,V22,V5,H1a_A,H1b_A
50002,1,1,1,6,1.0,0.0,0.0,0.0,0.0,2.0,2.0
50002,1,2,1,6,1.0,380.0,0.0,0.0,10.0,2.0,2.0
50003,1,1,2,5,2.0,0.0,50.0,0.0,60.0,2.0,1.0
50003,1,2,2,5,2.0,0.0,50.0,0.0,50.0,2.0,1.0
50004,2,1,1,7,1.0,640.0,0.0,0.0,0.0,2.0,1.0
50004,2,2,1,7,1.0,0.0,0.0,0.0,10.0,2.0,1.0
50005,1,1,2,6,1.0,0.0,0.0,0.0,80.0,2.0,2.0
50005,1,2,2,6,1.0,0.0,0.0,0.0,40.0,2.0,2.0
50006,1,1,2,4,2.0,0.0,70.0,90.0,60.0,2.0,1.0
50006,1,2,2,4,2.0,0.0,40.0,40.0,30.0,2.0,1.0
50014,2,1,1,7,1.0,0.0,0.0,0.0,50.0,2.0,1.0
50014,2,2,1,7,1.0,0.0,0.0,0.0,0.0,2.0,1.0
50016,1,1,1,8,1.0,270.0,0.0,0.0,10.0,2.0,2.0
50017,1,1,1,7,2.0,0.0,0.0,0.0,60.0,2.0,1.0
50017,1,2,1,7,2.0,0.0,0.0,0.0,40.0,2.0,1.0
50020,1,1,2,4,2.0,0.0,120.0,20.0,30.0,2.0,2.0
50020,1,2,2,4,2.0,0.0,0.0,0.0,0.0,2.0,2.0
50028,1,1,2,5,1.0,0.0,20.0,0.0,0.0,1.0,2.0
50028,1,2,2,5,1.0,440.0,0.0,0.0,0.0,1.0,2.0
50030,1,1,1,6,2.0,430.0,0.0,0.0,20.0,1.0,1.0
50030,1,2,1,6,2.0,0.0,0.0,0.0,30.0,1.0,1.0
50031,1,1,2,7,3.0,0.0,0.0,0.0,60.0,2.0,2.0
50031,1,2,2,7,3.0,0.0,0.0,0.0,50.0,2.0,2.0
50034,1,1,2,6,1.0,440.0,0.0,0.0,10.0,2.0,1.0
50034,1,2,2,6,1.0,0.0,0.0,0.0,100.0,2.0,1.0
50050,1,1,2,7,1.0,0.0,0.0,0.0,30.0,1.0,1.0
50050,1,2,2,7,1.0,420.0,0.0,0.0,30.0,1.0,1.0
50053,2,1,1,8,1.0,0.0,0.0,0.0,40.0,2.0,1.0
50053,2,2,1,8,1.0,0.0,0.0,0.0,40.0,2.0,1.0
50059,2,1,2,5,1.0,0.0,50.0,110.0,40.0,1.0,2.0
50059,2,2,2,5,1.0,0.0,70.0,130.0,20.0,1.0,2.0
50061,1,1,1,7,1.0,0.0,0.0,0.0,130.0,2.0,2.0
50061,1,2,1,7,1.0,0.0,0.0,0.0,110.0,2.0,2.0
50065,1,1,2,8,1.0,0.0,0.0,0.0,90.0,2.0,1.0
50065,1,2,2,8,1.0,0.0,0.0,0.0,180.0,2.0,1.0
50085,2,1,2,7,1.0,0.0,0.0,0.0,80.0,2.0,2.0
50085,2,2,2,7,1.0,0.0,0.0,0.0,60.0,2.0,2.0
50090,2,1,1,8,3.0,0.0,0.0,,40.0,2.0,1.0
50090,2,2,1,8,3.0,0.0,0.0,0.0,60.0,2.0,1.0
50098,1,1,2,6,1.0,0.0,80.0,0.0,180.0,1.0,1.0
50098,1,2,2,6,1.0,400.0,40.0,0.0,70.0,1.0,1.0
50101,1,1,1,6,1.0,0.0,0.0,0.0,10.0,1.0,2.0
50101,1,2,1,6,1.0,0.0,0.0,0.0,0.0,1.0,2.0
50111,2,1,1,7,2.0,,,,,1.0,1.0
50111,2,2,1,7,2.0,,,,,1.0,1.0
50114,2,1,2,5,1.0,,,,,1.0,1.0
50114,2,2,2,5,1.0,,,,,1.0,1.0
50115,1,1,2,7,1.0,0.0,0.0,0.0,60.0,1.0,2.0
50115,1,2,2,7,1.0,0.0,0.0,0.0,60.0,1.0,2.0
50118,1,1,2,7,1.0,0.0,0.0,0.0,40.0,1.0,1.0
50118,1,2,2,7,1.0,0.0,0.0,0.0,70.0,1.0,1.0
50120,1,1,2,4,2.0,0.0,90.0,0.0,100.0,2.0,2.0
50120,1,2,2,4,2.0,90.0,190.0,0.0,70.0,2.0,2.0
50127,1,1,2,4,1.0,,,,,2.0,2.0
50127,1,2,2,4,1.0,,,,,2.0,2.0
50128,2,1,2,7,1.0,430.0,0.0,0.0,0.0,2.0,2.0
50128,2,2,2,7,1.0,0.0,0.0,0.0,30.0,2.0,2.0
50132,2,1,2,8,2.0,0.0,0.0,0.0,100.0,2.0,1.0
50132,2,2,2,8,2.0,0.0,0.0,0.0,70.0,2.0,1.0
50135,1,1,1,7,1.0,0.0,0.0,0.0,0.0,2.0,2.0
50137,2,1,2,4,3.0,0.0,0.0,0.0,0.0,1.0,2.0
50137,2,2,2,4,3.0,0.0,0.0,0.0,20.0,1.0,2.0
50146,2,1,1,7,2.0,440.0,0.0,0.0,20.0,1.0,1.0
50146,2,2,1,7,2.0,0.0,0.0,0.0,30.0,1.0,1.0
50151,1,1,1,3,1.0,630.0,0.0,0.0,100.0,1.0,2.0
50151,1,2,1,3,1.0,530.0,0.0,0.0,20.0,1.0,2.0
50157,2,1,1,6,3.0,0.0,0.0,0.0,0.0,2.0,2.0
50157,2,2,1,6,3.0,0.0,0.0,0.0,50.0,2.0,2.0
50159,1,1,1,3,1.0,570.0,0.0,0.0,30.0,1.0,2.0
50159,1,2,1,3,1.0,0.0,0.0,0.0,10.0,1.0,2.0
50162,2,1,2,6,2.0,0.0,0.0,0.0,30.0,60.0,0.0
50162,2,2,2,6,2.0,490.0,0.0,0.0,,0.0,0.0
50182,1,1,2,8,3.0,0.0,0.0,0.0,80.0,2.0,2.0
50182,1,2,2,8,3.0,0.0,0.0,0.0,70.0,2.0,2.0
50197,2,1,2,4,1.0,0.0,0.0,0.0,0.0,1.0,2.0
50197,2,2,2,4,1.0,730.0,0.0,0.0,0.0,1.0,2.0
50203,1,1,1,5,3.0,580.0,0.0,0.0,0.0,2.0,2.0
50203,1,2,1,5,3.0,520.0,0.0,0.0,0.0,2.0,2.0
50207,2,1,1,9,2.0,0.0,0.0,0.0,0.0,1.0,2.0
50207,2,2,1,9,2.0,0.0,,0.0,0.0,1.0,2.0
50208,1,1,1,5,1.0,0.0,0.0,0.0,10.0,2.0,2.0
50208,1,2,1,5,1.0,0.0,0.0,0.0,10.0,2.0,2.0
50212,2,1,1,8,1.0,0.0,0.0,0.0,20.0,2.0,1.0
50212,2,2,1,8,1.0,0.0,0.0,0.0,30.0,2.0,1.0
50213,1,1,2,6,1.0,430.0,0.0,0.0,60.0,1.0,1.0
50213,1,2,2,6,1.0,0.0,0.0,0.0,80.0,1.0,1.0
50214,2,1,2,5,1.0,0.0,0.0,0.0,0.0,1.0,1.0
50214,2,2,2,5,1.0,510.0,0.0,0.0,10.0,1.0,1.0
50220,2,1,1,7,1.0,0.0,0.0,0.0,0.0,2.0,2.0
50220,2,2,1,7,1.0,0.0,0.0,0.0,0.0,2.0,2.0
50238,1,1,2,9,3.0,0.0,0.0,0.0,90.0,2.0,2.0
50238,1,2,2,9,3.0,0.0,0.0,0.0,100.0,2.0,2.0
50239,1,1,1,8,1.0,,,,,2.0,2.0
50239,1,2,1,8,1.0,,,,,2.0,2.0
50240,1,1,1,7,1.0,0.0,0.0,0.0,10.0,2.0,2.0
50240,1,2,1,7,1.0,0.0,0.0,0.0,0.0,2.0,2.0
50242,1,1,1,7,1.0,0.0,0.0,0.0,0.0,2.0,1.0
50242,1,2,1,7,1.0,0.0,0.0,0.0,60.0,2.0,1.0
50253,2,1,2,6,2.0,570.0,0.0,0.0,10.0,1.0,1.0
50253,2,2,2,6,2.0,0.0,20.0,0.0,90.0,1.0,1.0
50254,1,1,1,6,1.0,0.0,0.0,0.0,90.0,1.0,2.0
50254,1,2,1,6,1.0,0.0,0.0,0.0,90.0,1.0,2.0
50258,2,1,1,7,1.0,0.0,0.0,0.0,0.0,2.0,2.0
50258,2,2,1,7,1.0,0.0,0.0,0.0,10.0,2.0,2.0
50266,1,1,1,4,1.0,0.0,0.0,0.0,10.0,1.0,2.0
50266,1,2,1,4,1.0,560.0,,0.0,0.0,1.0,2.0
50267,1,1,1,8,2.0,0.0,0.0,0.0,70.0,2.0,1.0
50267,1,2,1,8,2.0,0.0,0.0,0.0,60.0,2.0,1.0
50287,1,1,1,8,3.0,0.0,0.0,0.0,0.0,2.0,2.0
50287,1,2,1,8,3.0,0.0,0.0,0.0,0.0,2.0,2.0
50291,1,1,2,7,3.0,0.0,0.0,0.0,10.0,2.0,1.0
50291,1,2,2,7,3.0,0.0,0.0,0.0,50.0,2.0,1.0
50306,1,1,2,5,1.0,400.0,90.0,30.0,50.0,2.0,1.0
50306,1,2,2,5,1.0,0.0,50.0,40.0,90.0,2.0,1.0
50310,1,1,1,6,1.0,0.0,0.0,0.0,80.0,2.0,1.0
50310,1,2,1,6,1.0,450.0,0.0,0.0,30.0,2.0,1.0
50311,1,1,2,8,3.0,0.0,0.0,0.0,120.0,2.0,2.0
50311,1,2,2,8,3.0,0.0,0.0,0.0,30.0,2.0,2.0
50312,2,1,1,7,3.0,0.0,0.0,0.0,10.0,2.0,1.0
50312,2,2,1,7,3.0,0.0,0.0,0.0,0.0,2.0,1.0
50315,1,1,2,6,1.0,0.0,0.0,0.0,130.0,1.0,1.0
50315,1,2,2,6,1.0,510.0,0.0,0.0,50.0,1.0,1.0
50316,1,1,2,3,3.0,0.0,0.0,0.0,10.0,1.0,2.0
50316,1,2,2,3,3.0,0.0,0.0,0.0,30.0,1.0,2.0
50319,1,1,2,6,3.0,0.0,0.0,0.0,70.0,0.0,0.0
50319,1,2,2,6,3.0,320.0,0.0,0.0,80.0,0.0,0.0
50327,2,1,1,5,2.0,70.0,0.0,0.0,20.0,2.0,2.0
50327,2,2,1,5,2.0,0.0,0.0,110.0,0.0,2.0,2.0
50330,2,1,1,7,2.0,0.0,0.0,0.0,20.0,1.0,1.0
50330,2,2,1,7,2.0,0.0,0.0,0.0,0.0,1.0,1.0
50342,2,1,2,8,1.0,0.0,0.0,0.0,40.0,1.0,1.0
50342,2,2,2,8,1.0,150.0,0.0,0.0,30.0,1.0,1.0
50347,2,1,1,6,3.0,0.0,0.0,0.0,10.0,1.0,2.0
50347,2,2,1,6,3.0,0.0,0.0,0.0,90.0,1.0,2.0
50348,1,1,2,5,1.0,0.0,0.0,0.0,40.0,1.0,2.0
50355,1,1,1,8,1.0,0.0,0.0,0.0,130.0,2.0,2.0
50355,1,2,1,8,1.0,0.0,0.0,0.0,10.0,,2.0
50356,1,1,1,6,1.0,0.0,0.0,0.0,20.0,1.0,1.0
50356,1,2,1,6,1.0,0.0,0.0,0.0,0.0,1.0,1.0
50358,1,1,1,6,3.0,0.0,0.0,0.0,20.0,2.0,1.0
50358,1,2,1,6,3.0,500.0,0.0,0.0,0.0,2.0,1.0
50363,2,1,2,4,1.0,,,,,1.0,2.0
50363,2,2,2,4,1.0,,,,,1.0,2.0
50366,1,1,2,6,2.0,0.0,0.0,0.0,30.0,2.0,1.0
50366,1,2,2,6,2.0,0.0,0.0,0.0,60.0,2.0,1.0
50377,1,1,1,4,3.0,0.0,230.0,0.0,30.0,2.0,2.0
50377,1,2,1,4,3.0,0.0,120.0,160.0,20.0,2.0,2.0
50378,1,1,2,6,1.0,540.0,0.0,0.0,20.0,1.0,2.0
50378,1,2,2,6,1.0,590.0,10.0,0.0,70.0,1.0,2.0
50382,2,1,1,6,1.0,460.0,10.0,0.0,20.0,,
50382,2,2,1,6,1.0,0.0,0.0,0.0,0.0,,
50383,1,1,1,4,3.0,370.0,0.0,0.0,40.0,2.0,2.0
50383,1,2,1,4,3.0,0.0,60.0,0.0,,2.0,2.0
50385,2,1,2,8,3.0,0.0,0.0,0.0,40.0,2.0,1.0
50385,2,2,2,8,3.0,0.0,0.0,0.0,90.0,2.0,1.0
50387,1,1,1,9,3.0,0.0,0.0,0.0,0.0,2.0,2.0
50387,1,2,1,9,3.0,0.0,0.0,0.0,0.0,2.0,2.0
50390,1,1,1,6,2.0,380.0,60.0,0.0,0.0,2.0,2.0
50390,1,2,1,6,2.0,0.0,30.0,0.0,0.0,2.0,2.0
50394,1,1,1,8,1.0,0.0,0.0,0.0,0.0,2.0,1.0
50394,1,2,1,8,1.0,0.0,0.0,0.0,0.0,2.0,1.0
50419,1,1,2,8,1.0,0.0,0.0,0.0,30.0,2.0,1.0
50419,1,2,2,8,1.0,0.0,0.0,0.0,30.0,2.0,1.0
50425,1,1,2,7,2.0,300.0,0.0,0.0,20.0,2.0,2.0
50425,1,2,2,7,2.0,0.0,0.0,0.0,0.0,2.0,2.0
50427,1,1,2,5,1.0,0.0,80.0,70.0,80.0,2.0,1.0
50427,1,2,2,5,1.0,150.0,70.0,70.0,70.0,2.0,1.0
50429,2,1,2,5,3.0,,,,,,1.0
50429,2,2,2,5,3.0,,,,,1.0,1.0
50435,1,1,1,7,1.0,0.0,0.0,0.0,30.0,2.0,
50435,1,2,1,7,1.0,0.0,0.0,0.0,80.0,2.0,2.0
50437,1,1,2,4,1.0,480.0,0.0,0.0,20.0,1.0,1.0
50437,1,2,2,4,1.0,0.0,0.0,0.0,50.0,1.0,1.0
50447,2,1,1,5,3.0,,,,,,
50447,2,2,1,5,3.0,,,,,,
50450,1,1,2,4,1.0,410.0,0.0,0.0,0.0,1.0,1.0
50466,1,1,2,6,2.0,,,,,1.0,1.0
50466,1,2,2,6,2.0,,,,,1.0,1.0
50470,2,1,1,8,3.0,0.0,0.0,0.0,20.0,2.0,1.0
50470,2,2,1,8,3.0,0.0,0.0,0.0,0.0,2.0,1.0
50478,1,1,1,6,1.0,0.0,0.0,0.0,0.0,2.0,2.0
50478,1,2,1,6,1.0,0.0,0.0,0.0,30.0,2.0,2.0
50497,1,1,1,6,3.0,40.0,0.0,0.0,0.0,2.0,
50497,1,2,1,6,3.0,430.0,0.0,0.0,10.0,2.0,2.0
50512,1,1,1,8,1.0,0.0,0.0,0.0,10.0,1.0,1.0
50512,1,2,1,8,1.0,0.0,0.0,0.0,20.0,1.0,1.0
50518,1,1,1,6,3.0,490.0,0.0,0.0,50.0,2.0,1.0
50518,1,2,1,6,3.0,70.0,0.0,70.0,20.0,2.0,1.0
50520,1,1,2,7,1.0,0.0,0.0,0.0,10.0,2.0,1.0
50520,1,2,2,7,1.0,0.0,0.0,0.0,70.0,2.0,1.0
50530,1,1,1,7,1.0,0.0,0.0,0.0,30.0,0.0,180.0
50530,1,2,1,7,1.0,460.0,0.0,0.0,10.0,0.0,0.0
50541,1,1,1,7,3.0,0.0,0.0,0.0,0.0,2.0,2.0
50541,1,2,1,7,3.0,0.0,0.0,0.0,60.0,2.0,2.0
50543,2,1,1,5,3.0,370.0,0.0,0.0,30.0,1.0,1.0
50543,2,2,1,5,3.0,0.0,0.0,20.0,10.0,1.0,1.0
50550,2,1,1,6,1.0,130.0,50.0,30.0,80.0,0.0,0.0
50550,2,2,1,6,1.0,550.0,40.0,0.0,20.0,0.0,0.0
50552,1,1,2,6,1.0,0.0,0.0,0.0,40.0,1.0,2.0
50552,1,2,2,6,1.0,0.0,0.0,0.0,70.0,1.0,2.0
50555,1,1,1,6,1.0,,,,,2.0,2.0
50555,1,2,1,6,1.0,,,,,2.0,2.0
50560,1,1,2,3,3.0,60.0,0.0,0.0,20.0,1.0,1.0
50560,1,2,2,3,3.0,0.0,0.0,0.0,0.0,1.0,1.0
50563,2,1,1,9,1.0,0.0,0.0,0.0,10.0,,
50563,2,2,1,9,1.0,0.0,0.0,0.0,20.0,,
50569,1,1,1,7,1.0,0.0,0.0,0.0,0.0,1.0,1.0
50569,1,2,1,7,1.0,0.0,0.0,0.0,0.0,1.0,1.0
50584,2,1,2,5,1.0,530.0,0.0,0.0,50.0,2.0,1.0
50584,2,2,2,5,1.0,60.0,0.0,0.0,40.0,2.0,1.0
50590,2,1,1,9,1.0,0.0,0.0,0.0,10.0,1.0,1.0
50590,2,2,1,9,1.0,0.0,0.0,0.0,0.0,1.0,1.0
50591,2,1,1,6,1.0,760.0,0.0,0.0,0.0,2.0,1.0
50591,2,2,1,6,1.0,0.0,0.0,0.0,80.0,2.0,1.0
50597,1,1,1,5,1.0,430.0,0.0,0.0,10.0,1.0,1.0
50597,1,2,1,5,1.0,0.0,0.0,0.0,10.0,1.0,1.0
50600,1,1,2,6,2.0,460.0,0.0,0.0,10.0,1.0,1.0
50600,1,2,2,6,2.0,0.0,0.0,0.0,50.0,1.0,1.0
50602,2,1,2,9,1.0,0.0,0.0,0.0,100.0,2.0,2.0
50602,2,2,2,9,1.0,0.0,0.0,0.0,110.0,2.0,2.0
50605,2,1,1,4,1.0,0.0,0.0,0.0,40.0,1.0,1.0
50605,2,2,1,4,1.0,0.0,0.0,0.0,0.0,1.0,1.0
50608,1,1,1,6,1.0,0.0,0.0,0.0,0.0,2.0,1.0
50608,1,2,1,6,1.0,0.0,0.0,0.0,0.0,2.0,1.0
50612,2,1,2,6,1.0,,90.0,50.0,70.0,1.0,
50612,2,2,2,6,1.0,0.0,90.0,20.0,110.0,1.0,1.0
50616,1,1,1,7,2.0,0.0,0.0,0.0,40.0,2.0,2.0
50616,1,2,1,7,2.0,0.0,0.0,0.0,0.0,2.0,2.0
50617,2,1,2,4,2.0,360.0,20.0,0.0,10.0,1.0,2.0
50617,2,2,2,4,2.0,420.0,70.0,20.0,30.0,1.0,2.0
50631,2,1,2,8,3.0,,,,,2.0,2.0
50631,2,2,2,8,3.0,,,,,2.0,2.0
50636,1,1,2,7,1.0,130.0,0.0,0.0,40.0,1.0,1.0
50636,1,2,2,7,1.0,430.0,0.0,0.0,10.0,1.0,1.0
50640,2,1,1,5,1.0,0.0,0.0,0.0,30.0,1.0,1.0
50640,2,2,1,5,1.0,530.0,70.0,0.0,0.0,1.0,1.0
50644,1,1,1,8,1.0,0.0,0.0,0.0,10.0,2.0,1.0
50644,1,2,1,8,1.0,0.0,0.0,,20.0,2.0,1.0
50645,1,1,2,4,3.0,0.0,0.0,,10.0,1.0,1.0
50645,1,2,2,4,3.0,0.0,0.0,0.0,40.0,1.0,1.0
50654,1,1,2,8,1.0,0.0,0.0,0.0,40.0,2.0,1.0
50654,1,2,2,8,1.0,0.0,0.0,0.0,60.0,2.0,1.0
50655,2,1,1,7,3.0,0.0,0.0,0.0,0.0,2.0,1.0
50655,2,2,1,7,3.0,0.0,0.0,0.0,70.0,2.0,1.0
50659,1,1,1,6,3.0,510.0,0.0,0.0,20.0,1.0,2.0
50659,1,2,1,6,3.0,0.0,0.0,0.0,10.0,1.0,2.0
50667,1,1,1,6,1.0,0.0,0.0,0.0,50.0,1.0,1.0
50667,1,2,1,6,1.0,410.0,0.0,0.0,10.0,1.0,1.0
50671,1,1,2,6,2.0,,,,,1.0,1.0
50671,1,2,2,6,2.0,,,,,1.0,1.0
50673,2,1,2,7,1.0,510.0,0.0,0.0,0.0,2.0,2.0
50673,2,2,2,7,1.0,0.0,0.0,0.0,0.0,2.0,2.0
50683,2,1,1,5,2.0,570.0,0.0,0.0,40.0,2.0,2.0
50683,2,2,1,5,2.0,0.0,0.0,0.0,0.0,2.0,2.0
50693,1,1,1,3,2.0,180.0,0.0,0.0,0.0,2.0,2.0
50693,1,2,1,3,2.0,430.0,0.0,0.0,40.0,2.0,2.0
50697,1,1,2,6,1.0,330.0,0.0,0.0,140.0,2.0,2.0
50697,1,2,2,6,1.0,500.0,0.0,0.0,40.0,2.0,2.0
50726,2,1,2,7,1.0,0.0,0.0,0.0,40.0,,
50726,2,2,2,7,1.0,0.0,0.0,0.0,80.0,,
50731,1,1,2,7,2.0,,,,,,2.0
50731,1,2,2,7,2.0,,,,,2.0,2.0
50734,2,1,2,7,1.0,420.0,0.0,0.0,30.0,1.0,2.0
50734,2,2,2,7,1.0,0.0,0.0,0.0,60.0,1.0,2.0
50740,1,1,2,7,2.0,320.0,0.0,0.0,40.0,1.0,1.0
50740,1,2,2,7,2.0,140.0,0.0,0.0,70.0,1.0,1.0
50756,2,1,1,4,1.0,0.0,0.0,0.0,0.0,1.0,1.0
50756,2,2,1,4,1.0,0.0,0.0,0.0,0.0,1.0,1.0
50763,2,1,2,8,1.0,0.0,0.0,0.0,20.0,2.0,2.0
50763,2,2,2,8,1.0,0.0,0.0,0.0,20.0,2.0,2.0
50764,1,1,2,4,1.0,460.0,0.0,0.0,30.0,1.0,1.0
50764,1,2,2,4,1.0,0.0,0.0,0.0,,1.0,1.0
50766,1,1,1,9,1.0,0.0,0.0,0.0,0.0,120.0,0.0
50766,1,2,1,9,1.0,0.0,0.0,0.0,0.0,120.0,180.0
50768,2,1,2,5,3.0,310.0,20.0,0.0,30.0,2.0,1.0
50768,2,2,2,5,3.0,0.0,60.0,10.0,140.0,2.0,1.0
50769,2,1,2,4,2.0,0.0,230.0,20.0,110.0,2.0,2.0
50769,2,2,2,4,2.0,0.0,180.0,30.0,90.0,2.0,2.0
50787,1,1,1,7,1.0,0.0,0.0,0.0,60.0,2.0,2.0
50788,1,1,2,7,1.0,60.0,0.0,0.0,40.0,1.0,1.0
50788,1,2,2,7,1.0,0.0,0.0,0.0,30.0,1.0,1.0
50795,2,1,2,4,1.0,300.0,0.0,0.0,0.0,1.0,1.0
50795,2,2,2,4,1.0,0.0,0.0,0.0,0.0,1.0,1.0
50800,1,1,1,5,2.0,0.0,0.0,0.0,,2.0,2.0
50800,1,2,1,5,2.0,630.0,0.0,0.0,30.0,2.0,2.0
50801,2,1,1,5,2.0,500.0,20.0,0.0,30.0,1.0,2.0
50801,2,2,1,5,2.0,0.0,20.0,0.0,100.0,1.0,2.0
50803,1,1,1,7,1.0,0.0,0.0,0.0,0.0,2.0,1.0
50803,1,2,1,7,1.0,0.0,0.0,0.0,0.0,2.0,1.0
50811,1,1,2,7,1.0,400.0,0.0,0.0,20.0,2.0,
50811,1,2,2,7,1.0,,0.0,0.0,30.0,2.0,1.0
50815,2,1,1,6,1.0,,,,,2.0,2.0
50815,2,2,1,6,1.0,,,,,2.0,2.0
50826,1,1,2,7,1.0,0.0,0.0,0.0,40.0,2.0,1.0
50826,1,2,2,7,1.0,0.0,0.0,0.0,40.0,2.0,1.0
50834,2,1,2,7,1.0,300.0,0.0,0.0,90.0,2.0,2.0
50834,2,2,2,7,1.0,400.0,0.0,0.0,30.0,2.0,2.0
50844,1,1,1,7,1.0,0.0,0.0,0.0,10.0,2.0,2.0
50844,1,2,1,7,1.0,0.0,0.0,0.0,20.0,2.0,2.0
50846,1,1,1,3,1.0,,,,,1.0,1.0
50846,1,2,1,3,1.0,,,,,1.0,1.0
50860,1,1,1,7,1.0,0.0,0.0,0.0,30.0,1.0,2.0
50860,1,2,1,7,1.0,0.0,0.0,0.0,60.0,1.0,2.0
50861,1,1,2,6,3.0,0.0,0.0,0.0,10.0,2.0,1.0
50861,1,2,2,6,3.0,440.0,0.0,0.0,10.0,2.0,1.0
50867,1,1,2,7,1.0,0.0,0.0,0.0,40.0,1.0,1.0
50867,1,2,2,7,1.0,300.0,0.0,0.0,0.0,1.0,1.0
50868,2,1,1,7,1.0,0.0,0.0,0.0,0.0,,
50868,2,2,1,7,1.0,0.0,0.0,0.0,50.0,,
50869,1,1,1,6,2.0,0.0,0.0,0.0,20.0,2.0,2.0
50869,1,2,1,6,2.0,420.0,0.0,0.0,20.0,2.0,2.0
50875,1,1,1,9,1.0,0.0,0.0,0.0,0.0,2.0,2.0
50875,1,2,1,9,1.0,0.0,0.0,0.0,0.0,2.0,2.0
50877,2,1,2,4,3.0,,,,,1.0,1.0
50877,2,2,2,4,3.0,,,,,1.0,1.0
50883,1,1,2,9,1.0,0.0,0.0,0.0,60.0,2.0,2.0
50883,1,2,2,9,1.0,0.0,0.0,0.0,80.0,2.0,2.0
50901,1,1,1,8,1.0,0.0,0.0,0.0,0.0,2.0,2.0
50901,1,2,1,8,1.0,0.0,0.0,0.0,0.0,2.0,2.0
50918,1,1,1,9,3.0,0.0,0.0,0.0,10.0,2.0,2.0
50918,1,2,1,9,3.0,0.0,0.0,0.0,30.0,2.0,2.0
50919,2,1,1,6,1.0,390.0,0.0,0.0,0.0,2.0,2.0
50919,2,2,1,6,1.0,0.0,0.0,0.0,0.0,2.0,2.0
50926,1,1,2,7,3.0,0.0,0.0,0.0,30.0,2.0,2.0
50926,1,2,2,7,3.0,0.0,0.0,0.0,70.0,2.0,2.0
50928,1,1,1,7,2.0,0.0,0.0,0.0,0.0,2.0,1.0
50928,1,2,1,7,2.0,0.0,0.0,0.0,0.0,2.0,1.0
50930,1,1,1,7,1.0,0.0,0.0,0.0,0.0,1.0,2.0
50930,1,2,1,7,1.0,120.0,0.0,0.0,0.0,1.0,2.0
50931,1,1,1,8,3.0,0.0,0.0,0.0,60.0,2.0,2.0
50931,1,2,1,8,3.0,0.0,0.0,0.0,60.0,2.0,2.0
50953,2,1,2,4,1.0,,,,,1.0,1.0
50953,2,2,2,4,1.0,,,,,1.0,1.0
50960,1,1,1,6,1.0,470.0,0.0,0.0,10.0,2.0,2.0
50960,1,2,1,6,1.0,0.0,0.0,0.0,20.0,2.0,2.0
50961,1,1,2,4,1.0,0.0,130.0,30.0,50.0,1.0,2.0
50961,1,2,2,4,1.0,0.0,250.0,50.0,60.0,1.0,2.0
50962,1,1,1,7,3.0,0.0,0.0,0.0,20.0,2.0,1.0
50962,1,2,1,7,3.0,0.0,0.0,0.0,50.0,2.0,1.0
50966,1,1,2,7,1.0,0.0,0.0,0.0,70.0,,
50966,1,2,2,7,1.0,450.0,0.0,0.0,40.0,,
50968,1,1,1,5,1.0,0.0,0.0,0.0,0.0,1.0,1.0
50968,1,2,1,5,1.0,500.0,0.0,0.0,10.0,1.0,1.0
50973,2,1,2,3,1.0,480.0,0.0,0.0,0.0,1.0,2.0
50973,2,2,2,3,1.0,170.0,0.0,0.0,0.0,1.0,2.0
50977,1,1,2,9,1.0,0.0,0.0,0.0,50.0,1.0,2.0
50977,1,2,2,9,1.0,0.0,0.0,0.0,20.0,1.0,2.0
50982,2,1,1,8,1.0,0.0,0.0,0.0,20.0,2.0,2.0
50982,2,2,1,8,1.0,0.0,0.0,0.0,40.0,2.0,2.0
50984,2,1,1,7,3.0,0.0,0.0,0.0,10.0,2.0,2.0
50984,2,2,1,7,3.0,480.0,0.0,0.0,10.0,2.0,2.0
50986,1,1,1,7,2.0,0.0,0.0,0.0,100.0,1.0,2.0
50986,1,2,1,7,2.0,0.0,0.0,0.0,10.0,1.0,2.0
50990,2,1,2,3,1.0,0.0,0.0,0.0,0.0,1.0,2.0
50990,2,2,2,3,1.0,0.0,0.0,0.0,0.0,1.0,2.0
51001,1,1,1,8,1.0,0.0,0.0,0.0,0.0,1.0,1.0
51001,1,2,1,8,1.0,0.0,0.0,0.0,0.0,1.0,1.0
51005,1,1,2,4,1.0,,,,,1.0,2.0
51005,1,2,2,4,1.0,,,,,1.0,2.0
51006,1,1,2,8,1.0,450.0,0.0,0.0,20.0,1.0,1.0
51006,1,2,2,8,1.0,0.0,0.0,0.0,150.0,1.0,1.0
51007,2,1,2,5,1.0,240.0,0.0,0.0,20.0,1.0,2.0
51007,2,2,2,5,1.0,0.0,0.0,0.0,40.0,1.0,2.0
51017,2,1,1,7,1.0,0.0,0.0,0.0,40.0,1.0,1.0
51017,2,2,1,7,1.0,450.0,0.0,0.0,0.0,1.0,1.0
51027,1,1,2,7,1.0,0.0,0.0,0.0,40.0,2.0,1.0
51027,1,2,2,7,1.0,0.0,0.0,0.0,60.0,2.0,1.0
51034,1,1,2,5,3.0,0.0,370.0,60.0,0.0,2.0,2.0
51034,1,2,2,5,3.0,0.0,120.0,0.0,40.0,2.0,2.0
51040,1,1,1,6,2.0,0.0,0.0,0.0,10.0,2.0,1.0
51040,1,2,1,6,2.0,660.0,0.0,0.0,30.0,2.0,1.0
51053,2,1,1,7,3.0,,,,,,
51053,2,2,1,7,3.0,,,,,,
51056,2,1,2,5,2.0,440.0,30.0,0.0,10.0,1.0,1.0
51056,2,2,2,5,2.0,0.0,70.0,30.0,0.0,1.0,1.0
51060,1,1,2,4,1.0,0.0,0.0,0.0,20.0,1.0,1.0
51060,1,2,2,4,1.0,240.0,0.0,0.0,100.0,1.0,1.0
51067,2,1,2,9,1.0,0.0,0.0,0.0,0.0,1.0,2.0
51067,2,2,2,9,1.0,0.0,0.0,0.0,40.0,1.0,2.0
51069,2,1,1,5,1.0,,,,,,
51069,2,2,1,5,1.0,,,,,,
51075,2,1,1,9,3.0,0.0,0.0,0.0,20.0,,
51075,2,2,1,9,3.0,0.0,0.0,0.0,10.0,,
51090,1,1,2,6,1.0,500.0,0.0,0.0,20.0,1.0,1.0
51090,1,2,2,6,1.0,0.0,0.0,0.0,70.0,1.0,1.0
51095,2,1,1,6,1.0,210.0,0.0,0.0,90.0,1.0,2.0
51095,2,2,1,6,1.0,350.0,0.0,0.0,50.0,1.0,2.0
51097,2,1,2,7,1.0,440.0,0.0,0.0,30.0,2.0,1.0
51097,2,2,2,7,1.0,0.0,0.0,0.0,30.0,2.0,1.0
51101,1,1,1,7,2.0,280.0,0.0,0.0,0.0,2.0,2.0
51101,1,2,1,7,2.0,110.0,0.0,0.0,0.0,2.0,2.0
51105,1,1,1,6,1.0,0.0,0.0,0.0,0.0,,
51105,1,2,1,6,1.0,480.0,0.0,0.0,0.0,,
51116,1,1,1,6,3.0,630.0,0.0,0.0,0.0,1.0,2.0
51116,1,2,1,6,3.0,340.0,0.0,0.0,0.0,1.0,2.0
51117,2,1,2,4,1.0,0.0,,50.0,0.0,2.0,2.0
51117,2,2,2,4,1.0,0.0,270.0,60.0,0.0,2.0,2.0
51125,2,1,1,3,1.0,0.0,0.0,0.0,0.0,1.0,1.0
51125,2,2,1,3,1.0,0.0,0.0,0.0,0.0,1.0,1.0
51128,1,1,1,7,1.0,0.0,0.0,0.0,20.0,2.0,2.0
51128,1,2,1,7,1.0,0.0,0.0,0.0,0.0,2.0,2.0
51132,2,1,2,9,3.0,0.0,0.0,0.0,90.0,2.0,2.0
51132,2,2,2,9,3.0,0.0,0.0,0.0,80.0,2.0,2.0
51136,2,1,2,5,1.0,0.0,0.0,0.0,10.0,,
51136,2,2,2,5,1.0,1050.0,0.0,0.0,0.0,,
51137,1,1,2,6,1.0,0.0,0.0,0.0,50.0,1.0,1.0
51137,1,2,2,6,1.0,0.0,0.0,0.0,10.0,1.0,1.0
51144,1,1,1,7,1.0,0.0,0.0,0.0,20.0,1.0,1.0
51144,1,2,1,7,1.0,430.0,0.0,0.0,20.0,1.0,1.0
51146,2,1,2,4,1.0,0.0,0.0,0.0,10.0,1.0,2.0
51146,2,2,2,4,1.0,0.0,0.0,0.0,10.0,1.0,2.0
51148,2,1,2,6,2.0,,,,,1.0,1.0
51148,2,2,2,6,2.0,,,,,1.0,1.0
51152,1,1,1,3,1.0,0.0,0.0,0.0,0.0,2.0,2.0
51152,1,2,1,3,1.0,450.0,0.0,0.0,0.0,2.0,2.0
51157,1,1,1,6,1.0,510.0,0.0,0.0,50.0,2.0,2.0
51157,1,2,1,6,1.0,,0.0,0.0,60.0,2.0,2.0
51182,2,1,2,7,1.0,0.0,0.0,0.0,,1.0,1.0
51182,2,2,2,7,1.0,0.0,0.0,0.0,10.0,1.0,1.0
51190,1,1,2,7,1.0,0.0,0.0,0.0,60.0,1.0,1.0
51190,1,2,2,7,1.0,0.0,0.0,0.0,60.0,1.0,1.0
51191,2,1,1,6,1.0,600.0,0.0,,0.0,1.0,1.0
51191,2,2,1,6,1.0,0.0,0.0,0.0,0.0,1.0,1.0
51192,2,1,1,7,1.0,,,,,2.0,1.0
51192,2,2,1,7,1.0,,,,,2.0,1.0
51194,1,1,2,6,1.0,460.0,0.0,0.0,20.0,2.0,1.0
51194,1,2,2,6,1.0,0.0,0.0,0.0,40.0,2.0,1.0
51196,1,1,1,8,1.0,0.0,0.0,0.0,0.0,,
51196,1,2,1,8,1.0,0.0,0.0,0.0,0.0,,
51199,1,1,2,4,2.0,0.0,,170.0,70.0,2.0,2.0
51199,1,2,2,4,2.0,0.0,170.0,410.0,70.0,2.0,2.0
51212,1,1,1,9,1.0,0.0,0.0,0.0,140.0,2.0,1.0
51212,1,2,1,9,1.0,0.0,0.0,0.0,140.0,2.0,1.0
51217,1,1,2,7,1.0,0.0,0.0,0.0,110.0,2.0,2.0
51217,1,2,2,7,1.0,0.0,0.0,0.0,40.0,2.0,2.0
51218,1,1,1,6,1.0,0.0,0.0,0.0,10.0,2.0,1.0
51218,1,2,1,6,1.0,420.0,0.0,0.0,0.0,2.0,1.0
51219,2,1,2,7,1.0,0.0,0.0,0.0,0.0,1.0,1.0
51219,2,2,2,7,1.0,40.0,0.0,0.0,50.0,1.0,1.0
51224,1,1,2,4,1.0,120.0,0.0,0.0,20.0,1.0,2.0
51224,1,2,2,4,1.0,0.0,0.0,0.0,20.0,1.0,2.0
51227,2,2,1,5,1.0,0.0,30.0,0.0,20.0,1.0,1.0
51238,1,1,2,3,1.0,0.0,50.0,50.0,80.0,1.0,2.0
51238,1,2,2,3,1.0,0.0,20.0,110.0,40.0,1.0,2.0
51239,2,1,1,7,1.0,,,,,1.0,1.0
51239,2,2,1,7,1.0,,,,,1.0,1.0
51243,1,1,2,7,1.0,0.0,0.0,0.0,50.0,0.0,0.0
51243,1,2,2,7,1.0,0.0,0.0,0.0,140.0,60.0,120.0
51249,1,1,2,9,1.0,0.0,0.0,0.0,10.0,2.0,2.0
51249,1,2,2,9,1.0,0.0,,0.0,40.0,2.0,2.0
51254,1,1,1,6,1.0,0.0,0.0,0.0,80.0,2.0,1.0
51254,1,2,1,6,1.0,500.0,0.0,0.0,10.0,2.0,1.0
51256,1,1,1,4,3.0,0.0,0.0,0.0,20.0,1.0,2.0
51256,1,2,1,4,3.0,550.0,0.0,0.0,0.0,1.0,2.0
51259,1,1,1,3,1.0,,,,,1.0,1.0
51259,1,2,1,3,1.0,,,,,1.0,1.0
51264,1,1,2,4,1.0,,,,,2.0,2.0
51264,1,2,2,4,1.0,,,,,2.0,2.0
51272,2,1,1,7,3.0,0.0,0.0,0.0,0.0,2.0,2.0
51272,2,2,1,7,3.0,0.0,0.0,0.0,0.0,2.0,2.0
51280,1,1,1,8,1.0,,,,,2.0,1.0
51280,1,2,1,8,1.0,,,,,2.0,1.0
51283,1,1,1,8,1.0,0.0,0.0,0.0,30.0,2.0,2.0
51283,1,2,1,8,1.0,0.0,0.0,0.0,10.0,2.0,2.0
51284,1,1,2,8,1.0,0.0,0.0,0.0,50.0,2.0,2.0
51284,1,2,2,8,1.0,0.0,0.0,0.0,30.0,2.0,2.0
51294,2,1,2,6,3.0,480.0,0.0,0.0,10.0,2.0,1.0
51294,2,2,2,6,3.0,300.0,0.0,0.0,10.0,2.0,1.0
51296,1,1,2,4,1.0,0.0,0.0,0.0,30.0,1.0,1.0
51296,1,2,2,4,1.0,0.0,0.0,0.0,40.0,1.0,1.0
51299,2,1,2,5,3.0,0.0,10.0,0.0,10.0,2.0,1.0
51299,2,2,2,5,3.0,450.0,10.0,0.0,10.0,2.0,1.0
51303,1,1,1,8,2.0,,,,,2.0,2.0
51303,1,2,1,8,2.0,,,,,2.0,2.0
51310,1,1,2,7,1.0,0.0,0.0,0.0,40.0,1.0,1.0
51310,1,2,2,7,1.0,0.0,0.0,0.0,130.0,1.0,1.0
51315,1,1,2,3,1.0,0.0,0.0,0.0,10.0,1.0,2.0
51315,1,2,2,3,1.0,0.0,0.0,0.0,0.0,1.0,2.0
51316,1,1,2,6,2.0,220.0,140.0,0.0,30.0,1.0,1.0
51316,1,2,2,6,2.0,290.0,70.0,0.0,20.0,1.0,1.0
51317,2,1,2,8,3.0,0.0,0.0,0.0,40.0,2.0,2.0
51341,2,1,2,5,1.0,0.0,0.0,0.0,50.0,1.0,1.0
51344,2,1,2,6,1.0,0.0,20.0,110.0,70.0,1.0,1.0
51344,2,2,2,6,1.0,440.0,20.0,0.0,10.0,1.0,1.0
51364,1,1,2,5,3.0,0.0,0.0,0.0,80.0,1.0,1.0
51364,1,2,2,5,3.0,0.0,0.0,0.0,80.0,1.0,1.0
51365,1,1,2,7,1.0,0.0,0.0,0.0,70.0,1.0,1.0
51365,1,2,2,7,1.0,0.0,0.0,0.0,70.0,1.0,1.0
51366,2,1,1,9,3.0,0.0,0.0,0.0,30.0,2.0,1.0
51366,2,2,1,9,3.0,0.0,0.0,0.0,40.0,2.0,1.0
51370,1,1,2,9,2.0,0.0,0.0,0.0,60.0,2.0,2.0
51370,1,2,2,9,2.0,0.0,0.0,0.0,0.0,2.0,2.0
51380,1,1,2,7,2.0,0.0,0.0,0.0,100.0,2.0,2.0
51380,1,2,2,7,2.0,0.0,0.0,0.0,80.0,2.0,2.0
51390,1,1,1,6,1.0,0.0,0.0,0.0,0.0,2.0,2.0
51390,1,2,1,6,1.0,0.0,0.0,0.0,30.0,2.0,2.0
51391,1,1,2,9,1.0,0.0,0.0,0.0,50.0,1.0,1.0
51391,1,2,2,9,1.0,0.0,0.0,0.0,60.0,1.0,1.0
51393,2,1,2,7,1.0,0.0,0.0,0.0,180.0,2.0,2.0
51393,2,2,2,7,1.0,0.0,0.0,0.0,130.0,2.0,2.0
51398,1,1,2,7,1.0,0.0,0.0,0.0,80.0,1.0,2.0
51398,1,2,2,7,1.0,0.0,0.0,0.0,90.0,1.0,2.0
51401,1,1,1,7,3.0,610.0,0.0,0.0,10.0,2.0,1.0
51403,2,1,1,5,1.0,0.0,10.0,40.0,10.0,1.0,2.0
51403,2,2,1,5,1.0,0.0,10.0,10.0,20.0,1.0,2.0
51404,1,1,2,5,1.0,450.0,0.0,0.0,20.0,1.0,1.0
51404,1,2,2,5,1.0,0.0,0.0,0.0,180.0,1.0,1.0
51406,2,1,1,4,1.0,450.0,180.0,0.0,0.0,1.0,2.0
51406,2,2,1,4,1.0,0.0,120.0,0.0,0.0,1.0,2.0
51408,2,1,2,5,3.0,0.0,0.0,0.0,20.0,1.0,1.0
51408,2,2,2,5,3.0,0.0,0.0,0.0,40.0,1.0,1.0
51409,1,1,2,3,1.0,,,,,1.0,1.0
51409,1,2,2,3,1.0,,,,,1.0,1.0
51418,1,1,1,7,3.0,0.0,0.0,0.0,40.0,2.0,2.0
51418,1,2,1,7,3.0,0.0,0.0,0.0,10.0,2.0,2.0
51419,2,1,1,6,3.0,0.0,0.0,0.0,50.0,2.0,2.0
51419,2,2,1,6,3.0,0.0,0.0,0.0,10.0,2.0,2.0
51424,1,1,1,7,1.0,0.0,0.0,0.0,20.0,2.0,1.0
51424,1,2,1,7,1.0,510.0,0.0,0.0,0.0,2.0,1.0
51425,2,1,2,6,3.0,370.0,0.0,0.0,60.0,2.0,1.0
51425,2,2,2,6,3.0,200.0,0.0,0.0,0.0,2.0,1.0
51431,1,1,2,6,1.0,520.0,0.0,0.0,20.0,1.0,1.0
51431,1,2,2,6,1.0,0.0,0.0,0.0,0.0,1.0,1.0
51437,1,1,2,6,1.0,0.0,0.0,0.0,20.0,1.0,1.0
51437,1,2,2,6,1.0,460.0,0.0,0.0,20.0,1.0,1.0
51442,1,1,2,5,3.0,310.0,0.0,0.0,30.0,1.0,2.0
51442,1,2,2,5,3.0,400.0,0.0,0.0,80.0,1.0,2.0
51456,1,1,1,4,1.0,,,,,,
51456,1,2,1,4,1.0,,,,,,
51457,1,1,2,8,1.0,0.0,0.0,0.0,20.0,2.0,1.0
51457,1,2,2,8,1.0,0.0,0.0,0.0,20.0,2.0,1.0
51462,1,1,2,6,2.0,400.0,0.0,0.0,30.0,2.0,1.0
51462,1,2,2,6,2.0,540.0,0.0,0.0,0.0,2.0,1.0
51463,2,1,2,5,1.0,0.0,410.0,0.0,10.0,1.0,1.0
51463,2,2,2,5,1.0,0.0,500.0,0.0,0.0,1.0,1.0
51464,1,1,1,3,1.0,0.0,0.0,0.0,40.0,1.0,1.0
51464,1,2,1,3,1.0,240.0,0.0,0.0,30.0,1.0,1.0
51466,2,1,2,4,1.0,460.0,20.0,0.0,20.0,1.0,2.0
51466,2,2,2,4,1.0,0.0,80.0,0.0,0.0,1.0,2.0
51471,1,1,2,4,1.0,390.0,0.0,0.0,0.0,1.0,2.0
51471,1,2,2,4,1.0,0.0,0.0,0.0,10.0,1.0,2.0
51484,1,1,2,4,1.0,390.0,0.0,0.0,0.0,1.0,1.0
51484,1,2,2,4,1.0,0.0,0.0,0.0,0.0,1.0,1.0
51487,2,1,2,5,1.0,0.0,0.0,0.0,30.0,,
51487,2,2,2,5,1.0,0.0,0.0,0.0,30.0,,
51494,2,1,2,5,1.0,0.0,0.0,0.0,10.0,2.0,2.0
51494,2,2,2,5,1.0,450.0,0.0,0.0,0.0,2.0,2.0
51498,1,1,2,6,1.0,0.0,0.0,0.0,130.0,2.0,2.0
51498,1,2,2,6,1.0,0.0,0.0,0.0,60.0,2.0,2.0
51502,2,1,2,6,1.0,0.0,10.0,0.0,0.0,1.0,1.0
51502,2,2,2,6,1.0,0.0,0.0,0.0,60.0,1.0,1.0
51507,1,1,1,5,1.0,0.0,0.0,0.0,40.0,1.0,1.0
51507,1,2,1,5,1.0,0.0,0.0,0.0,0.0,1.0,1.0
51508,1,1,2,7,3.0,,,,,2.0,2.0
51508,1,2,2,7,3.0,,,,,2.0,
51519,1,1,1,5,1.0,360.0,0.0,0.0,0.0,1.0,1.0
51519,1,2,1,5,1.0,0.0,0.0,0.0,60.0,1.0,1.0
51524,1,1,1,6,1.0,0.0,0.0,0.0,0.0,2.0,2.0
51524,1,2,1,6,1.0,0.0,0.0,0.0,10.0,2.0,2.0
51539,2,1,1,5,3.0,490.0,0.0,0.0,20.0,2.0,2.0
51539,2,2,1,5,3.0,0.0,0.0,0.0,0.0,2.0,2.0
51549,1,1,2,8,1.0,0.0,0.0,0.0,50.0,1.0,1.0
51549,1,2,2,8,1.0,0.0,0.0,0.0,40.0,1.0,1.0
51551,2,1,2,3,3.0,,,,,1.0,1.0
51551,2,2,2,3,3.0,,,,,1.0,1.0
51553,2,1,2,5,1.0,10.0,50.0,0.0,70.0,1.0,1.0
51553,2,2,2,5,1.0,0.0,80.0,30.0,60.0,1.0,1.0
51557,1,1,1,6,3.0,490.0,0.0,0.0,0.0,2.0,2.0
51557,1,2,1,6,3.0,40.0,0.0,0.0,0.0,2.0,2.0
51566,1,1,1,6,2.0,0.0,0.0,0.0,10.0,1.0,1.0
51566,1,2,1,6,2.0,490.0,0.0,0.0,10.0,1.0,1.0
51578,1,1,1,6,2.0,480.0,0.0,0.0,20.0,1.0,1.0
51578,1,2,1,6,2.0,0.0,0.0,0.0,20.0,1.0,1.0
51581,1,1,2,9,1.0,0.0,0.0,0.0,70.0,1.0,
51581,1,2,2,9,1.0,0.0,0.0,0.0,10.0,1.0,1.0
51586,1,1,2,4,3.0,450.0,0.0,0.0,0.0,1.0,2.0
51586,1,2,2,4,3.0,0.0,0.0,0.0,20.0,1.0,2.0
51590,1,1,2,3,1.0,30.0,160.0,130.0,10.0,1.0,2.0
51590,1,2,2,3,1.0,0.0,210.0,260.0,20.0,,2.0
51592,1,1,1,3,1.0,0.0,0.0,0.0,30.0,1.0,2.0
51592,1,2,1,3,1.0,0.0,0.0,,20.0,1.0,2.0
51599,1,1,1,7,3.0,490.0,0.0,,20.0,2.0,2.0
51599,1,2,1,7,3.0,0.0,0.0,0.0,50.0,2.0,2.0
51601,1,1,2,6,1.0,30.0,10.0,0.0,50.0,1.0,1.0
51601,1,2,2,6,1.0,510.0,0.0,0.0,10.0,1.0,1.0
51605,1,1,2,6,1.0,0.0,0.0,0.0,0.0,2.0,2.0
51605,1,2,2,6,1.0,0.0,0.0,0.0,0.0,,2.0
51607,1,1,1,9,1.0,0.0,0.0,0.0,0.0,360.0,120.0
51607,1,2,1,9,1.0,0.0,0.0,0.0,40.0,60.0,120.0
51610,1,1,1,5,1.0,0.0,0.0,0.0,0.0,2.0,2.0
51610,1,2,1,5,1.0,0.0,0.0,0.0,0.0,2.0,2.0
51612,1,1,2,7,1.0,0.0,0.0,0.0,70.0,,
51612,1,2,2,7,1.0,0.0,0.0,0.0,10.0,,
51617,1,1,2,7,3.0,0.0,0.0,0.0,90.0,2.0,1.0
51617,1,2,2,7,3.0,0.0,0.0,0.0,80.0,2.0,1.0
51619,1,1,1,8,1.0,0.0,0.0,0.0,0.0,2.0,2.0
51619,1,2,1,8,1.0,0.0,0.0,0.0,60.0,2.0,2.0
51626,1,1,1,9,1.0,30.0,0.0,0.0,0.0,2.0,2.0
51627,1,1,2,7,3.0,0.0,0.0,0.0,10.0,2.0,1.0
51627,1,2,2,7,3.0,0.0,0.0,0.0,80.0,2.0,1.0
51638,1,1,2,8,3.0,,,,,2.0,1.0
51638,1,2,2,8,3.0,,,,,2.0,1.0
51639,1,1,1,5,1.0,0.0,0.0,0.0,60.0,2.0,1.0
51639,1,2,1,5,1.0,520.0,0.0,0.0,10.0,2.0,1.0
51644,1,1,2,7,3.0,0.0,0.0,0.0,60.0,2.0,2.0
51644,1,2,2,7,3.0,,0.0,0.0,40.0,2.0,2.0
51645,2,1,2,4,1.0,,,,,2.0,2.0
51645,2,2,2,4,1.0,,,,,2.0,2.0
51646,2,1,2,4,3.0,0.0,0.0,0.0,0.0,1.0,2.0
51646,2,2,2,4,3.0,520.0,0.0,0.0,0.0,1.0,2.0
51663,1,1,1,7,1.0,,0.0,0.0,50.0,1.0,2.0
51663,1,2,1,7,1.0,0.0,0.0,0.0,10.0,1.0,2.0
51667,1,1,2,5,2.0,460.0,50.0,0.0,30.0,1.0,1.0
51667,1,2,2,5,2.0,0.0,40.0,0.0,100.0,1.0,1.0
51670,2,1,2,5,2.0,0.0,70.0,50.0,110.0,1.0,1.0
51670,2,2,2,5,2.0,470.0,20.0,0.0,20.0,1.0,1.0
51673,2,1,1,5,2.0,450.0,0.0,0.0,30.0,2.0,2.0
51673,2,2,1,5,2.0,360.0,0.0,0.0,10.0,2.0,2.0
51674,1,1,1,4,1.0,,,,,1.0,1.0
51674,1,2,1,4,1.0,,,,,1.0,1.0
51675,1,1,1,6,1.0,0.0,0.0,0.0,30.0,2.0,2.0
51675,1,2,1,6,1.0,720.0,0.0,0.0,10.0,2.0,2.0
51685,2,1,2,4,1.0,480.0,10.0,0.0,0.0,1.0,2.0
51685,2,2,2,4,1.0,440.0,10.0,70.0,30.0,1.0,2.0
51689,1,1,2,5,2.0,340.0,30.0,0.0,10.0,2.0,1.0
51697,1,1,2,3,1.0,,,,,1.0,2.0
51697,1,2,2,3,1.0,,,,,1.0,2.0
51699,2,1,1,5,1.0,750.0,0.0,0.0,0.0,1.0,2.0
51699,2,2,1,5,1.0,0.0,10.0,0.0,0.0,1.0,2.0
51702,2,1,2,7,1.0,0.0,0.0,0.0,0.0,2.0,2.0
51702,2,2,2,7,1.0,0.0,0.0,0.0,10.0,2.0,2.0
51710,2,1,2,9,1.0,0.0,0.0,0.0,0.0,,
51710,2,2,2,9,1.0,0.0,0.0,0.0,0.0,,
51717,2,1,1,6,3.0,600.0,0.0,0.0,10.0,2.0,2.0
51717,2,2,1,6,3.0,200.0,0.0,0.0,20.0,,2.0
51726,2,1,1,5,1.0,0.0,0.0,0.0,0.0,,
51726,2,2,1,5,1.0,500.0,0.0,0.0,0.0,,
51729,1,1,1,6,3.0,,,,,1.0,2.0
51729,1,2,1,6,3.0,,,,,1.0,2.0
51732,1,1,1,8,1.0,0.0,0.0,0.0,0.0,2.0,2.0
51732,1,2,1,8,1.0,0.0,0.0,0.0,0.0,2.0,2.0
51735,2,1,2,8,1.0,0.0,0.0,0.0,20.0,,
51735,2,2,2,8,1.0,0.0,0.0,0.0,60.0,,
51737,2,1,2,4,3.0,470.0,0.0,0.0,30.0,1.0,1.0
51737,2,2,2,4,3.0,0.0,0.0,0.0,20.0,1.0,1.0
51740,1,1,2,5,1.0,0.0,0.0,0.0,190.0,2.0,1.0
51740,1,2,2,5,1.0,0.0,0.0,0.0,100.0,2.0,1.0
51741,1,1,2,7,1.0,0.0,0.0,0.0,30.0,1.0,1.0
51741,1,2,2,7,1.0,0.0,0.0,0.0,60.0,1.0,1.0
51742,2,1,1,6,1.0,0.0,0.0,0.0,10.0,1.0,2.0
51742,2,2,1,6,1.0,540.0,0.0,0.0,30.0,1.0,2.0
51746,1,1,1,6,1.0,0.0,0.0,0.0,30.0,1.0,1.0
51746,1,2,1,6,1.0,0.0,0.0,0.0,0.0,1.0,1.0
51750,1,1,1,9,1.0,0.0,0.0,0.0,0.0,2.0,1.0
51750,1,2,1,9,1.0,60.0,0.0,0.0,0.0,2.0,1.0
51751,2,1,2,7,1.0,0.0,0.0,0.0,110.0,2.0,1.0
51751,2,2,2,7,1.0,0.0,0.0,0.0,20.0,2.0,1.0
51754,1,1,2,5,1.0,0.0,0.0,0.0,70.0,1.0,2.0
51754,1,2,2,5,1.0,450.0,0.0,0.0,50.0,1.0,2.0
51771,1,1,2,7,1.0,0.0,0.0,0.0,10.0,2.0,2.0
51771,1,2,2,7,1.0,0.0,0.0,0.0,40.0,2.0,2.0
51785,1,1,1,7,1.0,,0.0,0.0,120.0,1.0,2.0
51785,1,2,1,7,1.0,0.0,0.0,0.0,20.0,1.0,2.0
51788,1,1,2,5,1.0,,60.0,30.0,40.0,2.0,2.0
51788,1,2,2,5,1.0,490.0,30.0,0.0,0.0,2.0,2.0
51790,2,1,1,4,1.0,650.0,0.0,0.0,0.0,1.0,1.0
51790,2,2,1,4,1.0,0.0,0.0,0.0,0.0,1.0,1.0
51803,1,1,2,5,1.0,,,,,1.0,1.0
51803,1,2,2,5,1.0,,,,,1.0,1.0
51804,2,1,1,7,1.0,480.0,20.0,0.0,0.0,2.0,2.0
51804,2,2,1,7,1.0,0.0,0.0,0.0,0.0,2.0,2.0
51807,2,1,2,5,3.0,730.0,0.0,0.0,60.0,1.0,1.0
51807,2,2,2,5,3.0,720.0,0.0,0.0,50.0,1.0,1.0
51814,1,1,1,3,1.0,0.0,0.0,0.0,30.0,0.0,60.0
51814,1,2,1,3,1.0,0.0,0.0,0.0,0.0,0.0,300.0
51819,2,1,2,8,1.0,0.0,0.0,0.0,50.0,2.0,1.0
51819,2,2,2,8,1.0,0.0,0.0,0.0,70.0,2.0,1.0
51822,2,1,2,9,2.0,0.0,0.0,0.0,50.0,2.0,2.0
51822,2,2,2,9,2.0,0.0,0.0,0.0,50.0,2.0,2.0
51824,1,1,2,7,2.0,580.0,0.0,0.0,10.0,1.0,1.0
51824,1,2,2,7,2.0,0.0,0.0,0.0,60.0,1.0,1.0
51831,2,1,2,3,1.0,430.0,0.0,0.0,0.0,2.0,2.0
51831,2,2,2,3,1.0,0.0,0.0,0.0,0.0,2.0,2.0
51832,1,1,2,6,2.0,620.0,0.0,0.0,70.0,2.0,2.0
51832,1,2,2,6,2.0,300.0,0.0,0.0,10.0,2.0,2.0
51846,1,1,1,5,1.0,0.0,0.0,0.0,30.0,2.0,2.0
51846,1,2,1,5,1.0,0.0,0.0,0.0,40.0,2.0,2.0
51847,1,1,1,5,1.0,390.0,0.0,0.0,90.0,2.0,2.0
51847,1,2,1,5,1.0,150.0,0.0,0.0,70.0,2.0,2.0
51848,1,1,2,6,1.0,,,,,1.0,1.0
51848,1,2,2,6,1.0,,,,,1.0,1.0
51851,2,1,1,4,1.0,,,,,1.0,1.0
51851,2,2,1,4,1.0,,,,,1.0,1.0
51854,1,1,1,4,1.0,0.0,0.0,0.0,10.0,2.0,2.0
51854,1,2,1,4,1.0,480.0,0.0,0.0,30.0,2.0,2.0
51855,1,1,2,5,1.0,0.0,0.0,0.0,40.0,1.0,1.0
51855,1,2,2,5,1.0,430.0,10.0,20.0,50.0,1.0,1.0
51857,1,1,1,7,1.0,,,,,1.0,1.0
51857,1,2,1,7,1.0,,,,,1.0,1.0
51871,2,1,2,4,2.0,0.0,200.0,20.0,60.0,2.0,2.0
51871,2,2,2,4,2.0,0.0,130.0,20.0,60.0,2.0,2.0
51875,1,1,2,8,3.0,140.0,0.0,0.0,0.0,2.0,2.0
51875,1,2,2,8,3.0,180.0,0.0,0.0,60.0,2.0,2.0
51895,1,1,1,6,1.0,110.0,0.0,0.0,10.0,2.0,1.0
51895,1,2,1,6,1.0,470.0,0.0,0.0,10.0,2.0,1.0
51900,1,1,1,5,1.0,0.0,50.0,90.0,50.0,1.0,2.0
51900,1,2,1,5,1.0,590.0,0.0,0.0,20.0,1.0,2.0
51904,1,1,2,4,1.0,0.0,140.0,120.0,60.0,1.0,2.0
51904,1,2,2,4,1.0,50.0,270.0,110.0,40.0,1.0,2.0
51905,1,1,2,5,3.0,0.0,0.0,0.0,0.0,2.0,2.0
51905,1,2,2,5,3.0,450.0,0.0,0.0,0.0,2.0,2.0
51914,2,1,2,6,1.0,40.0,0.0,0.0,30.0,1.0,1.0
51914,2,2,2,6,1.0,620.0,0.0,0.0,10.0,1.0,1.0
51917,1,1,2,7,1.0,0.0,0.0,0.0,30.0,1.0,2.0
51917,1,2,2,7,1.0,0.0,0.0,0.0,70.0,1.0,2.0
51925,2,1,1,5,1.0,,,,,1.0,1.0
51925,2,2,1,5,1.0,,,,,1.0,1.0
51926,1,1,1,7,3.0,0.0,0.0,0.0,20.0,1.0,1.0
51926,1,2,1,7,3.0,0.0,0.0,0.0,10.0,1.0,1.0
51930,1,1,1,9,2.0,0.0,0.0,0.0,10.0,2.0,2.0
51930,1,2,1,9,2.0,0.0,0.0,0.0,0.0,2.0,2.0
51934,1,1,1,8,3.0,,,,,2.0,2.0
51934,1,2,1,8,3.0,,,,,2.0,2.0
51944,1,1,1,5,1.0,340.0,0.0,0.0,30.0,120.0,120.0
51944,1,2,1,5,1.0,110.0,0.0,0.0,20.0,120.0,60.0
51946,2,1,1,4,3.0,390.0,0.0,20.0,10.0,300.0,0.0
51946,2,2,1,4,3.0,620.0,0.0,0.0,10.0,0.0,0.0
51948,2,1,2,8,2.0,0.0,0.0,0.0,50.0,2.0,2.0
51948,2,2,2,8,2.0,0.0,0.0,0.0,70.0,2.0,2.0
51959,1,1,1,9,2.0,0.0,0.0,0.0,0.0,2.0,2.0
51959,1,2,1,9,2.0,0.0,0.0,0.0,0.0,2.0,2.0
51960,2,1,1,7,1.0,0.0,0.0,0.0,20.0,1.0,1.0
51960,2,2,1,7,1.0,0.0,0.0,0.0,20.0,1.0,1.0
51967,1,1,1,7,3.0,420.0,0.0,0.0,80.0,2.0,2.0
51967,1,2,1,7,3.0,0.0,0.0,0.0,70.0,2.0,2.0
51971,1,1,2,6,3.0,0.0,0.0,0.0,0.0,1.0,2.0
51971,1,2,2,6,3.0,680.0,0.0,0.0,0.0,1.0,2.0
51973,1,1,1,5,2.0,0.0,0.0,0.0,0.0,1.0,2.0
51973,1,2,1,5,2.0,0.0,0.0,0.0,10.0,1.0,2.0
51980,1,1,2,6,2.0,0.0,0.0,0.0,0.0,1.0,1.0
51980,1,2,2,6,2.0,460.0,0.0,0.0,20.0,1.0,1.0
51981,2,1,1,5,1.0,0.0,0.0,0.0,0.0,,
51981,2,2,1,5,1.0,0.0,10.0,0.0,0.0,,
51983,1,1,2,8,3.0,,0.0,0.0,40.0,1.0,2.0
51983,1,2,2,8,3.0,0.0,0.0,0.0,90.0,1.0,2.0
